Timestamp,Sensor_Labels1,Sensor_Values1,Sensor_Labels2,Sensor_Values2
2024-02-22 13:29:54.219,"['sensor1', 'sensor2', 'sensor3', 'sensor4', 'sensor5']","[0.0, 9.05728, 0.0, 8.696159999999999, 7.99344]","['sensor1', 'sensor2', 'sensor3', 'sensor4', 'sensor5']","[9.9918, 2.80844, 9.9918, 4.95808, 1.01504]"
2024-02-22 13:29:55.207,"['sensor1', 'sensor2', 'sensor3', 'sensor4', 'sensor5']","[5.2923599999999995, 8.593679999999999, 9.48428, 3.06708, 0.0]","['sensor1', 'sensor2', 'sensor3', 'sensor4', 'sensor5']","[9.9918, 9.9918, 9.9918, 9.9918, 9.9918]"
2024-02-22 13:29:56.202,"['sensor1', 'sensor2', 'sensor3', 'sensor4', 'sensor5']","[0.0, 9.70632, 8.781559999999999, 9.47696, 9.2354]","['sensor1', 'sensor2', 'sensor3', 'sensor4', 'sensor5']","[9.9918, 3.1207599999999998, 9.9918, 5.53636, 1.3688399999999998]"
2024-02-22 13:29:57.212,"['sensor1', 'sensor2', 'sensor3', 'sensor4', 'sensor5']","[5.2557599999999995, 0.0, 8.56684, 0.0, 0.0]","['sensor1', 'sensor2', 'sensor3', 'sensor4', 'sensor5']","[9.9918, 9.9918, 9.9918, 9.9918, 9.9918]"
2024-02-22 13:29:58.197,"['sensor1', 'sensor2', 'sensor3', 'sensor4', 'sensor5']","[0.0, 9.66484, 8.964559999999999, 9.5648, 9.577]","['sensor1', 'sensor2', 'sensor3', 'sensor4', 'sensor5']","[9.9918, 9.9918, 9.9918, 9.9918, 4.9898]"
2024-02-22 13:29:59.231,"['sensor1', 'sensor2', 'sensor3', 'sensor4', 'sensor5']","[0.0, 0.0, 0.0, 0.0, 0.0]","['sensor1', 'sensor2', 'sensor3', 'sensor4', 'sensor5']","[9.9918, 9.9918, 9.9918, 9.9918, 9.9918]"
2024-02-22 13:30:00.226,"['sensor1', 'sensor2', 'sensor3', 'sensor4', 'sensor5']","[5.2703999999999995, 9.72584, 9.5892, 9.394, 8.55952]","['sensor1', 'sensor2', 'sensor3', 'sensor4', 'sensor5']","[9.9918, 9.9918, 9.9918, 9.9918, 9.9918]"
2024-02-22 13:30:01.213,"['sensor1', 'sensor2', 'sensor3', 'sensor4', 'sensor5']","[0.0, 0.0, 0.0, 0.0, 0.0]","['sensor1', 'sensor2', 'sensor3', 'sensor4', 'sensor5']","[9.9918, 7.488359999999999, 8.813279999999999, 9.9918, 7.11992]"
2024-02-22 13:30:02.211,"['sensor1', 'sensor2', 'sensor3', 'sensor4', 'sensor5']","[6.01704, 9.6746, 9.65996, 9.30372, 8.19596]","['sensor1', 'sensor2', 'sensor3', 'sensor4', 'sensor5']","[9.9918, 9.9918, 9.9918, 9.9918, 9.9918]"
2024-02-22 13:30:03.214,"['sensor1', 'sensor2', 'sensor3', 'sensor4', 'sensor5']","[0.0, 0.0, 0.0, 0.0, 0.0]","['sensor1', 'sensor2', 'sensor3', 'sensor4', 'sensor5']","[4.72384, 2.98168, 3.4648, 5.11912, 1.92516]"
2024-02-22 13:30:04.240,"['sensor1', 'sensor2', 'sensor3', 'sensor4', 'sensor5']","[6.13904, 9.57944, 9.69656, 9.26712, 7.58352]","['sensor1', 'sensor2', 'sensor3', 'sensor4', 'sensor5']","[9.9918, 9.9918, 9.9918, 9.9918, 9.9918]"
2024-02-22 13:30:05.226,"['sensor1', 'sensor2', 'sensor3', 'sensor4', 'sensor5']","[0.0, 0.0, 0.0, 0.0, 0.0]","['sensor1', 'sensor2', 'sensor3', 'sensor4', 'sensor5']","[9.9918, 2.07888, 9.9918, 3.9894, 1.0004]"
2024-02-22 13:30:06.210,"['sensor1', 'sensor2', 'sensor3', 'sensor4', 'sensor5']","[6.0878, 9.40376, 9.4794, 9.333, 9.00116]","['sensor1', 'sensor2', 'sensor3', 'sensor4', 'sensor5']","[9.9918, 9.9918, 9.9918, 9.9918, 9.9918]"
2024-02-22 13:30:07.214,"['sensor1', 'sensor2', 'sensor3', 'sensor4', 'sensor5']","[0.0, 4.5506, 0.0, 0.0, 0.0]","['sensor1', 'sensor2', 'sensor3', 'sensor4', 'sensor5']","[9.9918, 4.7092, 9.9918, 6.1854, 1.40056]"
2024-02-22 13:30:08.225,"['sensor1', 'sensor2', 'sensor3', 'sensor4', 'sensor5']","[5.82184, 8.49364, 9.1378, 8.2594, 3.27204]","['sensor1', 'sensor2', 'sensor3', 'sensor4', 'sensor5']","[9.9918, 4.02844, 3.7405199999999996, 5.8804, 3.07928]"
2024-02-22 13:30:09.242,"['sensor1', 'sensor2', 'sensor3', 'sensor4', 'sensor5']","[0.0, 9.79416, 9.28908, 9.42084, 9.00116]","['sensor1', 'sensor2', 'sensor3', 'sensor4', 'sensor5']","[9.9918, 9.9918, 9.9918, 9.9918, 9.9918]"
2024-02-22 13:30:10.210,"['sensor1', 'sensor2', 'sensor3', 'sensor4', 'sensor5']","[0.0, 0.0, 0.0, 0.0, 0.0]","['sensor1', 'sensor2', 'sensor3', 'sensor4', 'sensor5']","[9.9918, 2.37656, 4.08212, 4.24072, 1.3297999999999999]"
2024-02-22 13:30:11.227,"['sensor1', 'sensor2', 'sensor3', 'sensor4', 'sensor5']","[5.54368, 9.59164, 9.71852, 8.47412, 0.0]","['sensor1', 'sensor2', 'sensor3', 'sensor4', 'sensor5']","[9.9918, 9.9918, 9.9918, 9.9918, 9.9918]"
2024-02-22 13:30:12.224,"['sensor1', 'sensor2', 'sensor3', 'sensor4', 'sensor5']","[0.0, 0.0, 0.0, 0.0, 0.0]","['sensor1', 'sensor2', 'sensor3', 'sensor4', 'sensor5']","[9.9918, 3.1622399999999997, 9.9918, 4.80192, 1.67628]"
2024-02-22 13:30:13.227,"['sensor1', 'sensor2', 'sensor3', 'sensor4', 'sensor5']","[6.12928, 9.46232, 9.5892, 9.00604, 7.412719999999999]","['sensor1', 'sensor2', 'sensor3', 'sensor4', 'sensor5']","[9.9918, 9.9918, 9.9918, 9.9918, 9.9918]"
2024-02-22 13:30:14.223,"['sensor1', 'sensor2', 'sensor3', 'sensor4', 'sensor5']","[0.0, 9.45744, 0.0, 9.14512, 8.666879999999999]","['sensor1', 'sensor2', 'sensor3', 'sensor4', 'sensor5']","[9.9918, 9.9918, 9.9918, 9.9918, 0.7807999999999999]"
2024-02-22 13:30:15.225,"['sensor1', 'sensor2', 'sensor3', 'sensor4', 'sensor5']","[3.7185599999999996, 0.0, 0.0, 0.0, 0.0]","['sensor1', 'sensor2', 'sensor3', 'sensor4', 'sensor5']","[9.9918, 2.90604, 9.9918, 5.2655199999999995, 2.3058]"
2024-02-22 13:30:16.220,"['sensor1', 'sensor2', 'sensor3', 'sensor4', 'sensor5']","[6.2805599999999995, 9.49404, 9.61604, 9.26712, 8.781559999999999]","['sensor1', 'sensor2', 'sensor3', 'sensor4', 'sensor5']","[9.9918, 9.9918, 9.9918, 9.9918, 9.9918]"
2024-02-22 13:30:17.222,"['sensor1', 'sensor2', 'sensor3', 'sensor4', 'sensor5']","[0.0, 0.0, 0.0, 0.0, 0.0]","['sensor1', 'sensor2', 'sensor3', 'sensor4', 'sensor5']","[9.9918, 1.7933999999999999, 9.9918, 3.6477999999999997, 0.6587999999999999]"
2024-02-22 13:30:18.219,"['sensor1', 'sensor2', 'sensor3', 'sensor4', 'sensor5']","[6.324479999999999, 9.0524, 9.56236, 8.854759999999999, 8.2228]","['sensor1', 'sensor2', 'sensor3', 'sensor4', 'sensor5']","[9.9918, 9.9918, 9.9918, 9.9918, 9.9918]"
2024-02-22 13:30:19.222,"['sensor1', 'sensor2', 'sensor3', 'sensor4', 'sensor5']","[0.0, 0.0, 0.0, 0.0, 0.0]","['sensor1', 'sensor2', 'sensor3', 'sensor4', 'sensor5']","[9.9918, 1.95444, 9.9918, 3.7453999999999996, 0.6758799999999999]"
2024-02-22 13:30:20.241,"['sensor1', 'sensor2', 'sensor3', 'sensor4', 'sensor5']","[5.60468, 7.94952, 9.55504, 0.0, 0.0]","['sensor1', 'sensor2', 'sensor3', 'sensor4', 'sensor5']","[9.9918, 9.9918, 9.9918, 9.9918, 9.9918]"
2024-02-22 13:30:21.245,"['sensor1', 'sensor2', 'sensor3', 'sensor4', 'sensor5']","[0.0, 8.41556, 0.0, 7.378559999999999, 4.64332]","['sensor1', 'sensor2', 'sensor3', 'sensor4', 'sensor5']","[9.9918, 9.9918, 9.9918, 2.3302, 1.17608]"
2024-02-22 13:30:22.246,"['sensor1', 'sensor2', 'sensor3', 'sensor4', 'sensor5']","[5.367999999999999, 7.869, 8.620519999999999, 4.68236, 0.0]","['sensor1', 'sensor2', 'sensor3', 'sensor4', 'sensor5']","[9.9918, 9.9918, 9.9918, 9.9918, 9.9918]"
2024-02-22 13:30:23.219,"['sensor1', 'sensor2', 'sensor3', 'sensor4', 'sensor5']","[0.0, 9.71852, 9.4672, 9.54772, 9.3086]","['sensor1', 'sensor2', 'sensor3', 'sensor4', 'sensor5']","[9.9918, 9.9918, 9.9918, 9.9918, 9.9918]"
2024-02-22 13:30:24.225,"['sensor1', 'sensor2', 'sensor3', 'sensor4', 'sensor5']","[0.0, 0.0, 0.0, 0.0, 0.0]","['sensor1', 'sensor2', 'sensor3', 'sensor4', 'sensor5']","[9.9918, 2.1545199999999998, 9.9918, 1.7202, 1.19316]"
2024-02-22 13:30:25.226,"['sensor1', 'sensor2', 'sensor3', 'sensor4', 'sensor5']","[0.0, 9.78196, 9.65508, 9.48184, 9.30128]","['sensor1', 'sensor2', 'sensor3', 'sensor4', 'sensor5']","[9.9918, 9.9918, 9.9918, 9.9918, 9.9918]"
2024-02-22 13:30:26.257,"['sensor1', 'sensor2', 'sensor3', 'sensor4', 'sensor5']","[0.0, 0.0, 0.0, 0.0, 0.0]","['sensor1', 'sensor2', 'sensor3', 'sensor4', 'sensor5']","[9.9918, 2.96704, 3.90888, 5.0386, 1.6079599999999998]"
2024-02-22 13:30:27.230,"['sensor1', 'sensor2', 'sensor3', 'sensor4', 'sensor5']","[6.13904, 9.47696, 9.6136, 8.813279999999999, 6.954]","['sensor1', 'sensor2', 'sensor3', 'sensor4', 'sensor5']","[9.9918, 9.9918, 9.9918, 9.9918, 9.9918]"
2024-02-22 13:30:28.240,"['sensor1', 'sensor2', 'sensor3', 'sensor4', 'sensor5']","[0.0, 9.1988, 0.0, 8.625399999999999, 8.962119999999999]","['sensor1', 'sensor2', 'sensor3', 'sensor4', 'sensor5']","[9.9918, 9.9918, 9.9918, 9.9918, 0.39283999999999997]"
2024-02-22 13:30:29.227,"['sensor1', 'sensor2', 'sensor3', 'sensor4', 'sensor5']","[5.421679999999999, 6.17564, 8.46436, 0.0, 0.0]","['sensor1', 'sensor2', 'sensor3', 'sensor4', 'sensor5']","[9.9918, 3.1963999999999997, 3.27692, 5.363119999999999, 2.2033199999999997]"
2024-02-22 13:30:30.287,"['sensor1', 'sensor2', 'sensor3', 'sensor4', 'sensor5']","[6.339119999999999, 9.55748, 9.56236, 9.19392, 7.77384]","['sensor1', 'sensor2', 'sensor3', 'sensor4', 'sensor5']","[9.9918, 9.9918, 9.9918, 9.9918, 9.9918]"
2024-02-22 13:30:31.258,"['sensor1', 'sensor2', 'sensor3', 'sensor4', 'sensor5']","[0.0, 0.0, 0.0, 0.0, 0.0]","['sensor1', 'sensor2', 'sensor3', 'sensor4', 'sensor5']","[9.9918, 2.6766799999999997, 3.1744399999999997, 4.489599999999999, 1.5933199999999998]"
2024-02-22 13:30:32.283,"['sensor1', 'sensor2', 'sensor3', 'sensor4', 'sensor5']","[6.00728, 9.4062, 9.64044, 8.55464, 2.50344]","['sensor1', 'sensor2', 'sensor3', 'sensor4', 'sensor5']","[9.9918, 9.9918, 9.9918, 9.9918, 9.9918]"
2024-02-22 13:30:33.256,"['sensor1', 'sensor2', 'sensor3', 'sensor4', 'sensor5']","[0.0, 0.0, 0.0, 0.0, 0.0]","['sensor1', 'sensor2', 'sensor3', 'sensor4', 'sensor5']","[9.9918, 2.60104, 4.0992, 4.477399999999999, 1.3590799999999998]"
2024-02-22 13:30:34.251,"['sensor1', 'sensor2', 'sensor3', 'sensor4', 'sensor5']","[5.67056, 8.747399999999999, 9.53064, 7.61036, 0.0]","['sensor1', 'sensor2', 'sensor3', 'sensor4', 'sensor5']","[9.9918, 9.9918, 9.9918, 9.9918, 9.9918]"
2024-02-22 13:30:35.239,"['sensor1', 'sensor2', 'sensor3', 'sensor4', 'sensor5']","[0.0, 0.0, 0.0, 0.0, 0.0]","['sensor1', 'sensor2', 'sensor3', 'sensor4', 'sensor5']","[9.9918, 4.06748, 9.9918, 2.8914, 1.48108]"
2024-02-22 13:30:36.248,"['sensor1', 'sensor2', 'sensor3', 'sensor4', 'sensor5']","[5.54368, 8.898679999999999, 9.54772, 0.0, 0.0]","['sensor1', 'sensor2', 'sensor3', 'sensor4', 'sensor5']","[9.9918, 9.9918, 9.9918, 9.9918, 9.9918]"
2024-02-22 13:30:37.237,"['sensor1', 'sensor2', 'sensor3', 'sensor4', 'sensor5']","[0.0, 9.71852, 9.44036, 9.50624, 9.19392]","['sensor1', 'sensor2', 'sensor3', 'sensor4', 'sensor5']","[9.9918, 9.9918, 9.9918, 9.9918, 9.9918]"
2024-02-22 13:30:38.244,"['sensor1', 'sensor2', 'sensor3', 'sensor4', 'sensor5']","[0.0, 0.0, 0.0, 0.0, 0.0]","['sensor1', 'sensor2', 'sensor3', 'sensor4', 'sensor5']","[9.9918, 2.6327599999999998, 3.48188, 1.8495199999999998, 1.14924]"
2024-02-22 13:30:39.251,"['sensor1', 'sensor2', 'sensor3', 'sensor4', 'sensor5']","[6.1, 9.65752, 9.70876, 9.089, 8.23256]","['sensor1', 'sensor2', 'sensor3', 'sensor4', 'sensor5']","[9.9918, 9.9918, 9.9918, 9.9918, 9.9918]"
2024-02-22 13:30:40.257,"['sensor1', 'sensor2', 'sensor3', 'sensor4', 'sensor5']","[0.0, 0.0, 0.0, 0.0, 0.0]","['sensor1', 'sensor2', 'sensor3', 'sensor4', 'sensor5']","[9.9918, 2.0618, 9.9918, 5.16304, 0.85888]"
2024-02-22 13:30:41.263,"['sensor1', 'sensor2', 'sensor3', 'sensor4', 'sensor5']","[5.9536, 9.35496, 9.58188, 8.701039999999999, 3.5941199999999998]","['sensor1', 'sensor2', 'sensor3', 'sensor4', 'sensor5']","[9.9918, 9.9918, 9.9918, 9.9918, 9.9918]"
2024-02-22 13:30:42.251,"['sensor1', 'sensor2', 'sensor3', 'sensor4', 'sensor5']","[0.0, 9.34276, 0.0, 9.07924, 9.09388]","['sensor1', 'sensor2', 'sensor3', 'sensor4', 'sensor5']","[9.9918, 3.4892, 9.9918, 5.3533599999999995, 0.83448]"
2024-02-22 13:30:43.262,"['sensor1', 'sensor2', 'sensor3', 'sensor4', 'sensor5']","[5.3484799999999995, 6.00484, 8.2594, 0.0, 0.0]","['sensor1', 'sensor2', 'sensor3', 'sensor4', 'sensor5']","[9.9918, 3.6477999999999997, 4.52376, 5.96092, 2.99876]"
2024-02-22 13:30:44.266,"['sensor1', 'sensor2', 'sensor3', 'sensor4', 'sensor5']","[0.0, 9.64776, 8.976759999999999, 9.48672, 9.57456]","['sensor1', 'sensor2', 'sensor3', 'sensor4', 'sensor5']","[9.9918, 9.9918, 9.9918, 9.9918, 9.9918]"
2024-02-22 13:30:45.238,"['sensor1', 'sensor2', 'sensor3', 'sensor4', 'sensor5']","[0.0, 0.0, 0.0, 0.0, 0.0]","['sensor1', 'sensor2', 'sensor3', 'sensor4', 'sensor5']","[9.9918, 2.94264, 9.9918, 2.82308, 2.3424]"
2024-02-22 13:30:46.256,"['sensor1', 'sensor2', 'sensor3', 'sensor4', 'sensor5']","[6.01216, 9.70632, 9.65508, 9.27688, 8.00564]","['sensor1', 'sensor2', 'sensor3', 'sensor4', 'sensor5']","[9.9918, 9.9918, 9.9918, 9.9918, 9.9918]"
2024-02-22 13:30:47.265,"['sensor1', 'sensor2', 'sensor3', 'sensor4', 'sensor5']","[0.0, 0.0, 0.0, 0.0, 0.0]","['sensor1', 'sensor2', 'sensor3', 'sensor4', 'sensor5']","[9.9918, 2.45952, 3.5989999999999998, 5.14108, 1.28344]"
2024-02-22 13:30:48.253,"['sensor1', 'sensor2', 'sensor3', 'sensor4', 'sensor5']","[6.19516, 9.58676, 9.6258, 9.1866, 8.21304]","['sensor1', 'sensor2', 'sensor3', 'sensor4', 'sensor5']","[9.9918, 9.9918, 9.9918, 9.9918, 9.9918]"
2024-02-22 13:30:49.248,"['sensor1', 'sensor2', 'sensor3', 'sensor4', 'sensor5']","[0.0, 0.0, 0.0, 0.0, 0.0]","['sensor1', 'sensor2', 'sensor3', 'sensor4', 'sensor5']","[9.9918, 2.4278, 4.01136, 4.73604, 1.3663999999999998]"
2024-02-22 13:30:50.266,"['sensor1', 'sensor2', 'sensor3', 'sensor4', 'sensor5']","[6.04388, 9.15732, 9.58676, 8.720559999999999, 3.56484]","['sensor1', 'sensor2', 'sensor3', 'sensor4', 'sensor5']","[9.9918, 9.9918, 9.9918, 9.9918, 9.9918]"
2024-02-22 13:30:51.264,"['sensor1', 'sensor2', 'sensor3', 'sensor4', 'sensor5']","[0.0, 0.0, 0.0, 0.0, 0.0]","['sensor1', 'sensor2', 'sensor3', 'sensor4', 'sensor5']","[9.9918, 2.1593999999999998, 9.9918, 4.96052, 1.05896]"
2024-02-22 13:30:52.268,"['sensor1', 'sensor2', 'sensor3', 'sensor4', 'sensor5']","[6.161, 9.32812, 9.56724, 8.793759999999999, 7.14188]","['sensor1', 'sensor2', 'sensor3', 'sensor4', 'sensor5']","[9.9918, 9.9918, 9.9918, 9.9918, 9.9918]"
2024-02-22 13:30:53.246,"['sensor1', 'sensor2', 'sensor3', 'sensor4', 'sensor5']","[0.0, 9.19636, 0.0, 8.945039999999999, 8.600999999999999]","['sensor1', 'sensor2', 'sensor3', 'sensor4', 'sensor5']","[9.9918, 3.78688, 9.9918, 3.1915199999999997, 1.8421999999999998]"
2024-02-22 13:30:54.250,"['sensor1', 'sensor2', 'sensor3', 'sensor4', 'sensor5']","[5.419239999999999, 8.00076, 8.835239999999999, 0.0, 0.0]","['sensor1', 'sensor2', 'sensor3', 'sensor4', 'sensor5']","[9.9918, 3.5843599999999998, 5.19232, 5.90236, 2.97436]"
2024-02-22 13:30:55.278,"['sensor1', 'sensor2', 'sensor3', 'sensor4', 'sensor5']","[4.82144, 9.62824, 9.36228, 9.5648, 9.54528]","['sensor1', 'sensor2', 'sensor3', 'sensor4', 'sensor5']","[9.9918, 9.9918, 9.9918, 9.9918, 9.9918]"
2024-02-22 13:30:56.267,"['sensor1', 'sensor2', 'sensor3', 'sensor4', 'sensor5']","[0.0, 0.0, 0.0, 0.0, 0.0]","['sensor1', 'sensor2', 'sensor3', 'sensor4', 'sensor5']","[9.9918, 2.6498399999999998, 3.2403199999999996, 5.08496, 1.6006399999999998]"
2024-02-22 13:30:57.257,"['sensor1', 'sensor2', 'sensor3', 'sensor4', 'sensor5']","[6.2829999999999995, 9.56236, 9.64044, 9.15, 8.07152]","['sensor1', 'sensor2', 'sensor3', 'sensor4', 'sensor5']","[9.9918, 9.9918, 9.9918, 9.9918, 9.9918]"
2024-02-22 13:30:58.273,"['sensor1', 'sensor2', 'sensor3', 'sensor4', 'sensor5']","[0.0, 0.0, 0.0, 0.0, 0.0]","['sensor1', 'sensor2', 'sensor3', 'sensor4', 'sensor5']","[9.9918, 2.53272, 3.43552, 4.9166, 1.12484]"
2024-02-22 13:30:59.256,"['sensor1', 'sensor2', 'sensor3', 'sensor4', 'sensor5']","[5.65836, 9.48184, 9.66972, 8.837679999999999, 0.0]","['sensor1', 'sensor2', 'sensor3', 'sensor4', 'sensor5']","[9.9918, 9.9918, 9.9918, 9.9918, 9.9918]"
2024-02-22 13:31:00.274,"['sensor1', 'sensor2', 'sensor3', 'sensor4', 'sensor5']","[0.0, 0.0, 0.0, 0.0, 0.0]","['sensor1', 'sensor2', 'sensor3', 'sensor4', 'sensor5']","[9.9918, 1.76656, 9.9918, 4.3578399999999995, 0.59536]"
2024-02-22 13:31:01.280,"['sensor1', 'sensor2', 'sensor3', 'sensor4', 'sensor5']","[5.6608, 9.25736, 9.59164, 8.698599999999999, 0.0]","['sensor1', 'sensor2', 'sensor3', 'sensor4', 'sensor5']","[9.9918, 9.9918, 9.9918, 9.9918, 9.9918]"
2024-02-22 13:31:02.286,"['sensor1', 'sensor2', 'sensor3', 'sensor4', 'sensor5']","[0.0, 8.39604, 0.0, 5.8194, 5.6852]","['sensor1', 'sensor2', 'sensor3', 'sensor4', 'sensor5']","[9.9918, 9.9918, 9.9918, 9.9918, 9.9918]"
2024-02-22 13:31:03.274,"['sensor1', 'sensor2', 'sensor3', 'sensor4', 'sensor5']","[4.71896, 0.0, 0.0, 0.0, 0.0]","['sensor1', 'sensor2', 'sensor3', 'sensor4', 'sensor5']","[8.16912, 2.06912, 9.9918, 4.89464, 1.07116]"
2024-02-22 13:31:04.293,"['sensor1', 'sensor2', 'sensor3', 'sensor4', 'sensor5']","[5.8926, 9.71852, 9.5892, 9.4184, 9.06948]","['sensor1', 'sensor2', 'sensor3', 'sensor4', 'sensor5']","[9.9918, 9.9918, 9.9918, 9.9918, 9.9918]"
2024-02-22 13:31:05.267,"['sensor1', 'sensor2', 'sensor3', 'sensor4', 'sensor5']","[0.0, 0.0, 0.0, 0.0, 0.0]","['sensor1', 'sensor2', 'sensor3', 'sensor4', 'sensor5']","[9.9918, 2.05936, 9.9918, 4.4041999999999994, 0.83692]"
2024-02-22 13:31:06.257,"['sensor1', 'sensor2', 'sensor3', 'sensor4', 'sensor5']","[6.0878, 9.25004, 9.4428, 9.19392, 5.97556]","['sensor1', 'sensor2', 'sensor3', 'sensor4', 'sensor5']","[9.9918, 9.9918, 9.9918, 9.9918, 9.9918]"
2024-02-22 13:31:07.286,"['sensor1', 'sensor2', 'sensor3', 'sensor4', 'sensor5']","[0.0, 8.03736, 0.0, 0.0, 5.61688]","['sensor1', 'sensor2', 'sensor3', 'sensor4', 'sensor5']","[9.9918, 2.6937599999999997, 9.71852, 4.79948, 1.0492]"
2024-02-22 13:31:08.257,"['sensor1', 'sensor2', 'sensor3', 'sensor4', 'sensor5']","[5.60712, 9.14268, 9.59652, 6.10244, 0.0]","['sensor1', 'sensor2', 'sensor3', 'sensor4', 'sensor5']","[9.9918, 9.9918, 9.9918, 9.9918, 9.9918]"
2024-02-22 13:31:09.280,"['sensor1', 'sensor2', 'sensor3', 'sensor4', 'sensor5']","[0.0, 9.55992, 9.54284, 6.89788, 0.0]","['sensor1', 'sensor2', 'sensor3', 'sensor4', 'sensor5']","[9.9918, 3.08416, 9.9918, 5.18012, 1.2322]"
2024-02-22 13:31:10.283,"['sensor1', 'sensor2', 'sensor3', 'sensor4', 'sensor5']","[5.54856, 8.08372, 8.913319999999999, 4.3383199999999995, 0.0]","['sensor1', 'sensor2', 'sensor3', 'sensor4', 'sensor5']","[9.9918, 9.9918, 9.9918, 9.9918, 9.9918]"
2024-02-22 13:31:11.268,"['sensor1', 'sensor2', 'sensor3', 'sensor4', 'sensor5']","[0.0, 9.67704, 9.12072, 9.53552, 9.63312]","['sensor1', 'sensor2', 'sensor3', 'sensor4', 'sensor5']","[9.9918, 9.9918, 9.9918, 9.9918, 9.9918]"
2024-02-22 13:31:12.288,"['sensor1', 'sensor2', 'sensor3', 'sensor4', 'sensor5']","[0.0, 0.0, 0.0, 0.0, 0.0]","['sensor1', 'sensor2', 'sensor3', 'sensor4', 'sensor5']","[9.9918, 2.6425199999999998, 9.9918, 3.6477999999999997, 2.00568]"
2024-02-22 13:31:13.282,"['sensor1', 'sensor2', 'sensor3', 'sensor4', 'sensor5']","[5.446079999999999, 9.71852, 9.52576, 9.52332, 9.46964]","['sensor1', 'sensor2', 'sensor3', 'sensor4', 'sensor5']","[9.9918, 9.9918, 9.9918, 9.9918, 9.9918]"
2024-02-22 13:31:14.270,"['sensor1', 'sensor2', 'sensor3', 'sensor4', 'sensor5']","[0.0, 0.0, 0.0, 0.0, 0.0]","['sensor1', 'sensor2', 'sensor3', 'sensor4', 'sensor5']","[5.382639999999999, 2.10572, 9.9918, 4.94588, 0.98332]"
2024-02-22 13:31:15.282,"['sensor1', 'sensor2', 'sensor3', 'sensor4', 'sensor5']","[5.5876, 8.869399999999999, 9.57944, 8.174, 0.0]","['sensor1', 'sensor2', 'sensor3', 'sensor4', 'sensor5']","[9.9918, 9.9918, 9.9918, 9.9918, 9.9918]"
2024-02-22 13:31:16.285,"['sensor1', 'sensor2', 'sensor3', 'sensor4', 'sensor5']","[0.0, 8.937719999999999, 0.0, 8.41312, 9.08656]","['sensor1', 'sensor2', 'sensor3', 'sensor4', 'sensor5']","[9.9918, 3.2403199999999996, 9.9918, 4.2212, 1.3224799999999999]"
2024-02-22 13:31:17.281,"['sensor1', 'sensor2', 'sensor3', 'sensor4', 'sensor5']","[5.56808, 8.622959999999999, 9.21832, 6.03412, 0.0]","['sensor1', 'sensor2', 'sensor3', 'sensor4', 'sensor5']","[9.9918, 9.9918, 9.9918, 9.9918, 9.9918]"
2024-02-22 13:31:18.285,"['sensor1', 'sensor2', 'sensor3', 'sensor4', 'sensor5']","[0.0, 9.78684, 9.25004, 9.56236, 9.16952]","['sensor1', 'sensor2', 'sensor3', 'sensor4', 'sensor5']","[9.9918, 9.9918, 9.9918, 9.9918, 9.9918]"
2024-02-22 13:31:19.297,"['sensor1', 'sensor2', 'sensor3', 'sensor4', 'sensor5']","[0.0, 0.0, 0.0, 0.0, 0.0]","['sensor1', 'sensor2', 'sensor3', 'sensor4', 'sensor5']","[3.39648, 2.47416, 3.78688, 4.9166, 1.48108]"
2024-02-22 13:31:20.285,"['sensor1', 'sensor2', 'sensor3', 'sensor4', 'sensor5']","[6.14148, 9.74292, 9.56236, 9.39156, 8.774239999999999]","['sensor1', 'sensor2', 'sensor3', 'sensor4', 'sensor5']","[9.9918, 9.9918, 9.9918, 9.9918, 9.9918]"
2024-02-22 13:31:21.296,"['sensor1', 'sensor2', 'sensor3', 'sensor4', 'sensor5']","[0.0, 0.0, 0.0, 0.0, 0.0]","['sensor1', 'sensor2', 'sensor3', 'sensor4', 'sensor5']","[9.9918, 2.77184, 3.8186, 2.87188, 1.71776]"
2024-02-22 13:31:22.298,"['sensor1', 'sensor2', 'sensor3', 'sensor4', 'sensor5']","[6.02436, 9.4184, 9.64532, 8.661999999999999, 4.3944399999999995]","['sensor1', 'sensor2', 'sensor3', 'sensor4', 'sensor5']","[9.9918, 9.9918, 9.9918, 9.9918, 9.9918]"
2024-02-22 13:31:23.278,"['sensor1', 'sensor2', 'sensor3', 'sensor4', 'sensor5']","[0.0, 9.455, 0.0, 7.84948, 8.00808]","['sensor1', 'sensor2', 'sensor3', 'sensor4', 'sensor5']","[9.9918, 9.9918, 9.9918, 9.9918, 9.9918]"
2024-02-22 13:31:24.297,"['sensor1', 'sensor2', 'sensor3', 'sensor4', 'sensor5']","[5.3435999999999995, 0.0, 8.791319999999999, 0.0, 0.0]","['sensor1', 'sensor2', 'sensor3', 'sensor4', 'sensor5']","[9.9918, 4.494479999999999, 4.7458, 7.05648, 3.91376]"
2024-02-22 13:31:25.325,"['sensor1', 'sensor2', 'sensor3', 'sensor4', 'sensor5']","[4.64088, 9.81124, 9.6868, 9.1988, 8.235]","['sensor1', 'sensor2', 'sensor3', 'sensor4', 'sensor5']","[9.9918, 9.9918, 9.9918, 9.9918, 9.9918]"
2024-02-22 13:31:26.299,"['sensor1', 'sensor2', 'sensor3', 'sensor4', 'sensor5']","[0.0, 0.0, 0.0, 0.0, 0.0]","['sensor1', 'sensor2', 'sensor3', 'sensor4', 'sensor5']","[9.9918, 3.98696, 4.67748, 5.96092, 2.80844]"
2024-02-22 13:31:27.309,"['sensor1', 'sensor2', 'sensor3', 'sensor4', 'sensor5']","[6.2000399999999996, 9.60384, 9.61116, 9.12072, 6.75392]","['sensor1', 'sensor2', 'sensor3', 'sensor4', 'sensor5']","[9.9918, 9.9918, 9.9918, 9.9918, 9.9918]"
2024-02-22 13:31:28.297,"['sensor1', 'sensor2', 'sensor3', 'sensor4', 'sensor5']","[0.0, 0.0, 0.0, 0.0, 0.0]","['sensor1', 'sensor2', 'sensor3', 'sensor4', 'sensor5']","[9.9918, 9.9918, 9.9918, 9.9918, 0.70272]"
2024-02-22 13:31:29.306,"['sensor1', 'sensor2', 'sensor3', 'sensor4', 'sensor5']","[5.98776, 8.715679999999999, 8.766919999999999, 7.74944, 7.59572]","['sensor1', 'sensor2', 'sensor3', 'sensor4', 'sensor5']","[9.9918, 2.05692, 9.9918, 4.58232, 1.01992]"
2024-02-22 13:31:30.310,"['sensor1', 'sensor2', 'sensor3', 'sensor4', 'sensor5']","[6.363519999999999, 8.52536, 9.25736, 8.757159999999999, 7.60792]","['sensor1', 'sensor2', 'sensor3', 'sensor4', 'sensor5']","[9.9918, 9.9918, 9.9918, 9.9918, 9.9918]"
2024-02-22 13:31:31.291,"['sensor1', 'sensor2', 'sensor3', 'sensor4', 'sensor5']","[0.0, 0.0, 0.0, 0.0, 0.0]","['sensor1', 'sensor2', 'sensor3', 'sensor4', 'sensor5']","[3.2403199999999996, 2.86212, 3.6990399999999997, 4.79948, 1.66408]"
2024-02-22 13:31:32.298,"['sensor1', 'sensor2', 'sensor3', 'sensor4', 'sensor5']","[6.2537199999999995, 9.5282, 9.61604, 9.28664, 9.32568]","['sensor1', 'sensor2', 'sensor3', 'sensor4', 'sensor5']","[9.9918, 9.9918, 9.9918, 9.9918, 9.9918]"
2024-02-22 13:31:33.307,"['sensor1', 'sensor2', 'sensor3', 'sensor4', 'sensor5']","[0.0, 0.0, 0.0, 0.0, 0.0]","['sensor1', 'sensor2', 'sensor3', 'sensor4', 'sensor5']","[9.9918, 2.6620399999999997, 9.9918, 4.55548, 1.0784799999999999]"
2024-02-22 13:31:34.296,"['sensor1', 'sensor2', 'sensor3', 'sensor4', 'sensor5']","[5.92432, 9.30128, 9.54528, 8.715679999999999, 3.43308]","['sensor1', 'sensor2', 'sensor3', 'sensor4', 'sensor5']","[9.9918, 9.9918, 9.9918, 9.9918, 9.9918]"
2024-02-22 13:31:35.307,"['sensor1', 'sensor2', 'sensor3', 'sensor4', 'sensor5']","[0.0, 9.7234, 0.0, 9.6014, 9.4062]","['sensor1', 'sensor2', 'sensor3', 'sensor4', 'sensor5']","[9.9918, 3.2354399999999996, 9.9918, 6.317159999999999, 1.51524]"
2024-02-22 13:31:36.311,"['sensor1', 'sensor2', 'sensor3', 'sensor4', 'sensor5']","[5.3362799999999995, 0.0, 7.7104, 0.0, 0.0]","['sensor1', 'sensor2', 'sensor3', 'sensor4', 'sensor5']","[9.9918, 7.564, 8.581479999999999, 7.69088, 7.12968]"
2024-02-22 13:31:37.320,"['sensor1', 'sensor2', 'sensor3', 'sensor4', 'sensor5']","[0.0, 9.74292, 9.06948, 9.48916, 9.65508]","['sensor1', 'sensor2', 'sensor3', 'sensor4', 'sensor5']","[9.9918, 9.9918, 9.9918, 9.9918, 9.9918]"
2024-02-22 13:31:38.291,"['sensor1', 'sensor2', 'sensor3', 'sensor4', 'sensor5']","[0.0, 0.0, 0.0, 0.0, 0.0]","['sensor1', 'sensor2', 'sensor3', 'sensor4', 'sensor5']","[9.9918, 4.57988, 5.50464, 5.03616, 4.09188]"
2024-02-22 13:31:39.318,"['sensor1', 'sensor2', 'sensor3', 'sensor4', 'sensor5']","[6.04632, 9.68436, 9.5282, 9.4062, 9.23296]","['sensor1', 'sensor2', 'sensor3', 'sensor4', 'sensor5']","[9.9918, 9.9918, 9.9918, 9.9918, 9.9918]"
2024-02-22 13:31:40.320,"['sensor1', 'sensor2', 'sensor3', 'sensor4', 'sensor5']","[0.0, 0.0, 0.0, 0.0, 0.0]","['sensor1', 'sensor2', 'sensor3', 'sensor4', 'sensor5']","[9.9918, 2.43268, 5.468039999999999, 4.73848, 1.7202]"
2024-02-22 13:31:41.297,"['sensor1', 'sensor2', 'sensor3', 'sensor4', 'sensor5']","[6.2756799999999995, 9.64044, 9.61848, 9.32324, 8.55708]","['sensor1', 'sensor2', 'sensor3', 'sensor4', 'sensor5']","[9.9918, 9.9918, 9.9918, 9.9918, 9.9918]"
2024-02-22 13:31:42.302,"['sensor1', 'sensor2', 'sensor3', 'sensor4', 'sensor5']","[0.0, 0.0, 0.0, 0.0, 0.0]","['sensor1', 'sensor2', 'sensor3', 'sensor4', 'sensor5']","[9.9918, 2.1984399999999997, 5.5022, 4.24072, 0.99308]"
2024-02-22 13:31:43.311,"['sensor1', 'sensor2', 'sensor3', 'sensor4', 'sensor5']","[6.15612, 9.35252, 9.59652, 8.862079999999999, 5.81452]","['sensor1', 'sensor2', 'sensor3', 'sensor4', 'sensor5']","[9.9918, 9.9918, 9.9918, 9.9918, 9.9918]"
2024-02-22 13:31:44.315,"['sensor1', 'sensor2', 'sensor3', 'sensor4', 'sensor5']","[0.0, 8.12032, 0.0, 7.8812, 7.74944]","['sensor1', 'sensor2', 'sensor3', 'sensor4', 'sensor5']","[9.9918, 1.98372, 9.9918, 4.4066399999999994, 0.9223199999999999]"
2024-02-22 13:31:45.310,"['sensor1', 'sensor2', 'sensor3', 'sensor4', 'sensor5']","[6.2171199999999995, 9.40376, 9.52332, 9.03044, 7.66892]","['sensor1', 'sensor2', 'sensor3', 'sensor4', 'sensor5']","[9.9918, 9.9918, 9.9918, 9.9918, 9.9918]"
2024-02-22 13:31:46.328,"['sensor1', 'sensor2', 'sensor3', 'sensor4', 'sensor5']","[0.0, 8.937719999999999, 0.0, 8.705919999999999, 7.9666]","['sensor1', 'sensor2', 'sensor3', 'sensor4', 'sensor5']","[9.9918, 2.89628, 9.9918, 4.941, 0.98332]"
2024-02-22 13:31:47.326,"['sensor1', 'sensor2', 'sensor3', 'sensor4', 'sensor5']","[5.5754, 8.691279999999999, 9.4062, 6.434279999999999, 0.0]","['sensor1', 'sensor2', 'sensor3', 'sensor4', 'sensor5']","[9.9918, 9.9918, 9.9918, 9.9918, 9.9918]"
2024-02-22 13:31:48.312,"['sensor1', 'sensor2', 'sensor3', 'sensor4', 'sensor5']","[0.0, 9.74292, 5.86088, 9.55504, 9.63068]","['sensor1', 'sensor2', 'sensor3', 'sensor4', 'sensor5']","[9.9918, 9.9918, 9.9918, 5.58272, 0.5611999999999999]"
2024-02-22 13:31:49.324,"['sensor1', 'sensor2', 'sensor3', 'sensor4', 'sensor5']","[5.3484799999999995, 0.0, 2.7694, 0.0, 0.0]","['sensor1', 'sensor2', 'sensor3', 'sensor4', 'sensor5']","[9.9918, 2.28628, 9.9918, 2.2399199999999997, 1.65676]"
2024-02-22 13:31:50.311,"['sensor1', 'sensor2', 'sensor3', 'sensor4', 'sensor5']","[0.0, 9.76976, 9.272, 9.64044, 9.56236]","['sensor1', 'sensor2', 'sensor3', 'sensor4', 'sensor5']","[9.9918, 9.9918, 9.9918, 9.9918, 9.9918]"
2024-02-22 13:31:51.309,"['sensor1', 'sensor2', 'sensor3', 'sensor4', 'sensor5']","[0.0, 0.0, 0.0, 0.0, 0.0]","['sensor1', 'sensor2', 'sensor3', 'sensor4', 'sensor5']","[4.3383199999999995, 1.952, 9.9918, 4.70188, 0.93696]"
2024-02-22 13:31:52.313,"['sensor1', 'sensor2', 'sensor3', 'sensor4', 'sensor5']","[6.2463999999999995, 9.37204, 9.65752, 9.09388, 8.693719999999999]","['sensor1', 'sensor2', 'sensor3', 'sensor4', 'sensor5']","[9.9918, 9.9918, 9.9918, 9.9918, 9.9918]"
2024-02-22 13:31:53.310,"['sensor1', 'sensor2', 'sensor3', 'sensor4', 'sensor5']","[0.0, 0.0, 0.0, 0.0, 0.0]","['sensor1', 'sensor2', 'sensor3', 'sensor4', 'sensor5']","[9.9918, 3.1305199999999997, 9.9918, 5.72668, 2.11304]"
2024-02-22 13:31:54.312,"['sensor1', 'sensor2', 'sensor3', 'sensor4', 'sensor5']","[5.57052, 8.827919999999999, 9.61604, 7.09552, 0.0]","['sensor1', 'sensor2', 'sensor3', 'sensor4', 'sensor5']","[9.9918, 9.9918, 9.9918, 9.9918, 9.9918]"
2024-02-22 13:31:55.325,"['sensor1', 'sensor2', 'sensor3', 'sensor4', 'sensor5']","[0.0, 9.6136, 9.03044, 9.43792, 9.60628]","['sensor1', 'sensor2', 'sensor3', 'sensor4', 'sensor5']","[9.9918, 9.9918, 9.9918, 9.9918, 8.903559999999999]"
2024-02-22 13:31:56.312,"['sensor1', 'sensor2', 'sensor3', 'sensor4', 'sensor5']","[5.17768, 0.0, 6.365959999999999, 0.0, 0.0]","['sensor1', 'sensor2', 'sensor3', 'sensor4', 'sensor5']","[9.9918, 3.04268, 3.49896, 5.62176, 2.12524]"
2024-02-22 13:31:57.337,"['sensor1', 'sensor2', 'sensor3', 'sensor4', 'sensor5']","[0.0, 9.80148, 9.58676, 9.41108, 9.48428]","['sensor1', 'sensor2', 'sensor3', 'sensor4', 'sensor5']","[9.9918, 9.9918, 9.9918, 9.9918, 9.9918]"
2024-02-22 13:31:58.309,"['sensor1', 'sensor2', 'sensor3', 'sensor4', 'sensor5']","[0.0, 0.0, 0.0, 0.0, 0.0]","['sensor1', 'sensor2', 'sensor3', 'sensor4', 'sensor5']","[9.9918, 2.58396, 4.27244, 3.47456, 1.8275599999999999]"
2024-02-22 13:31:59.340,"['sensor1', 'sensor2', 'sensor3', 'sensor4', 'sensor5']","[6.368399999999999, 9.48428, 9.58188, 9.25004, 8.43752]","['sensor1', 'sensor2', 'sensor3', 'sensor4', 'sensor5']","[9.9918, 9.9918, 9.9918, 9.9918, 9.9918]"
2024-02-22 13:32:00.326,"['sensor1', 'sensor2', 'sensor3', 'sensor4', 'sensor5']","[0.0, 0.0, 0.0, 0.0, 0.0]","['sensor1', 'sensor2', 'sensor3', 'sensor4', 'sensor5']","[9.9918, 2.87676, 4.64088, 3.28424, 2.1764799999999997]"
2024-02-22 13:32:01.319,"['sensor1', 'sensor2', 'sensor3', 'sensor4', 'sensor5']","[6.02436, 9.59408, 9.7112, 9.09388, 4.01868]","['sensor1', 'sensor2', 'sensor3', 'sensor4', 'sensor5']","[9.9918, 9.9918, 9.9918, 9.9918, 9.9918]"
2024-02-22 13:32:02.321,"['sensor1', 'sensor2', 'sensor3', 'sensor4', 'sensor5']","[0.0, 0.0, 0.0, 0.0, 0.0]","['sensor1', 'sensor2', 'sensor3', 'sensor4', 'sensor5']","[9.9918, 1.91296, 9.9918, 4.88976, 0.93696]"
2024-02-22 13:32:03.319,"['sensor1', 'sensor2', 'sensor3', 'sensor4', 'sensor5']","[6.15856, 9.47696, 9.6014, 9.09632, 6.14392]","['sensor1', 'sensor2', 'sensor3', 'sensor4', 'sensor5']","[9.9918, 9.9918, 9.9918, 9.9918, 9.9918]"
2024-02-22 13:32:04.337,"['sensor1', 'sensor2', 'sensor3', 'sensor4', 'sensor5']","[0.0, 0.0, 0.0, 0.0, 0.0]","['sensor1', 'sensor2', 'sensor3', 'sensor4', 'sensor5']","[9.9918, 2.06912, 9.9918, 4.99224, 0.94428]"
